line,score,filename,timestamp,measurement
0,99.4,,2014-03-26 13:51:12.653000,
8,99.3,5331d74f-259af-7324cogP.VID,2014-03-26 13:51:14.700000,
21,88.3,52cc4e57-14795-23cdcogP.VID,2014-03-26 14:06:01.747000,Substrate Align Left
70,84.1,52cc4ead-148ae-3e98cogP.VID,2014-03-26 14:06:03.763000,Substrate Align Right
116,79.8,52cc5154-25157-1b10cogP.VID,2014-03-26 14:06:08.356000,Local Align Right
160,79.7,52cc5161-25182-3ce1cogP.VID,2014-03-26 14:06:10.388000,Local Align Left
203,94.6,52cc7476-24412-30cfcogP.VID,2014-03-26 14:06:14.388000,VCSEL Left
241,96.9,52cc74f4-245ae-5b0acogP.VID,2014-03-26 14:06:16.372000,VCSEL Right
279,97.0,5331b99c-278b2-7fdecogP.VID,2014-03-26 14:06:20.497000,
297,98.2,5331b96c-27816-208acogP.VID,2014-03-26 14:06:22.684000,
315,96.6,5331ba93-27bd9-8266cogP.VID,2014-03-26 14:06:27.638000,
328,96.7,5331badd-27ccb-255ccogP.VID,2014-03-26 14:06:29.888000,
341,96.7,5331bb69-27e94-1b65cogP.VID,2014-03-26 14:06:34.700000,
353,95.5,5331bb9a-27f34-24b5cogP.VID,2014-03-26 14:06:36.872000,
365,96.7,5331bc54-28193-2619cogP.VID,2014-03-26 14:06:43.278000,
377,94.9,5331bc8d-2824d-7f4ccogP.VID,2014-03-26 14:06:45.466000,
389,99.5,5331c5de-220ba-27d1cogP.VID,2014-03-26 14:06:50.169000,
401,99.2,5331c71d-224cb-7957cogP.VID,2014-03-26 14:06:52.419000,
413,99.5,5331c821-2281d-1db0cogP.VID,2014-03-26 14:07:00.466000,
425,99.3,5331c877-22935-387bcogP.VID,2014-03-26 14:07:02.513000,
437,99.5,5331d541-252f9-2e86cogP.VID,2014-03-26 14:07:08.169000,
449,99.2,5331d579-253b0-5dbdcogP.VID,2014-03-26 14:07:10.419000,
461,99.4,5331d5e2-25507-1643cogP.VID,2014-03-26 14:07:19.372000,
473,99.4,5331d607-2557f-27becogP.VID,2014-03-26 14:07:21.403000,
485,99.4,5331d6b4-257b4-8751cogP.VID,2014-03-26 14:07:29.341000,
497,99.4,5331d6d5-25820-70dacogP.VID,2014-03-26 14:07:31.528000,
509,99.4,5331d72d-25940-5f9ecogP.VID,2014-03-26 14:07:41.638000,
9,99.5,5331d74f-259af-7324cogP.VID,2014-03-26 14:07:43.700000,
521,99.3,5331d7a9-25ad4-35e0cogP.VID,2014-03-26 14:08:01.513000,
533,99.4,5331d7cc-25b47-7363cogP.VID,2014-03-26 14:08:03.544000,
545,99.5,5331d851-25cf9-4385cogP.VID,2014-03-26 14:08:21.153000,
557,99.3,5331d87d-25d89-7ae6cogP.VID,2014-03-26 14:08:23.200000,
569,99.4,5331d8d4-25ea5-3faecogP.VID,2014-03-26 14:08:51.403000,
581,99.3,5331d900-25f35-7710cogP.VID,2014-03-26 14:08:53.638000,
22,88.3,52cc4e57-14795-23cdcogP.VID,2014-03-26 14:12:41.113000,Substrate Align Left
71,84.1,52cc4ead-148ae-3e98cogP.VID,2014-03-26 14:12:43.035000,Substrate Align Right
117,79.8,52cc5154-25157-1b10cogP.VID,2014-03-26 14:12:45.003000,Local Align Right
161,79.8,52cc5161-25182-3ce1cogP.VID,2014-03-26 14:12:47.019000,Local Align Left
23,88.9,52cc4e57-14795-23cdcogP.VID,2014-03-26 14:12:50.018000,Substrate Align Left
72,84.1,52cc4ead-148ae-3e98cogP.VID,2014-03-26 14:12:52.018000,Substrate Align Right
118,79.8,52cc5154-25157-1b10cogP.VID,2014-03-26 14:12:54.049000,Local Align Right
162,79.7,52cc5161-25182-3ce1cogP.VID,2014-03-26 14:12:55.908000,Local Align Left
24,89.2,52cc4e57-14795-23cdcogP.VID,2014-03-26 14:12:58.720000,Substrate Align Left
73,84.3,52cc4ead-148ae-3e98cogP.VID,2014-03-26 14:13:00.642000,Substrate Align Right
119,79.9,52cc5154-25157-1b10cogP.VID,2014-03-26 14:13:02.673000,Local Align Right
163,79.8,52cc5161-25182-3ce1cogP.VID,2014-03-26 14:13:04.688000,Local Align Left
25,89.4,52cc4e57-14795-23cdcogP.VID,2014-03-26 14:13:07.485000,Substrate Align Left
74,84.3,52cc4ead-148ae-3e98cogP.VID,2014-03-26 14:13:09.375000,Substrate Align Right
26,89.4,52cc4e57-14795-23cdcogP.VID,2014-03-26 14:14:01.899000,Substrate Align Left
75,84.2,52cc4ead-148ae-3e98cogP.VID,2014-03-26 14:14:03.836000,Substrate Align Right
120,79.7,52cc5154-25157-1b10cogP.VID,2014-03-26 14:14:05.852000,Local Align Right
164,79.5,52cc5161-25182-3ce1cogP.VID,2014-03-26 14:14:07.883000,Local Align Left
204,95.2,52cc7476-24412-30cfcogP.VID,2014-03-26 14:14:09.976000,VCSEL Left
242,96.9,52cc74f4-245ae-5b0acogP.VID,2014-03-26 14:14:11.835000,VCSEL Right
280,97.0,5331b99c-278b2-7fdecogP.VID,2014-03-26 14:14:13.757000,
298,98.1,5331b96c-27816-208acogP.VID,2014-03-26 14:14:15.679000,
316,96.6,5331ba93-27bd9-8266cogP.VID,2014-03-26 14:14:17.616000,
329,96.7,5331badd-27ccb-255ccogP.VID,2014-03-26 14:14:19.522000,
342,96.8,5331bb69-27e94-1b65cogP.VID,2014-03-26 14:14:21.693000,
354,96.0,5331bb9a-27f34-24b5cogP.VID,2014-03-26 14:14:23.599000,
366,96.1,5331bc54-28193-2619cogP.VID,2014-03-26 14:14:25.584000,
378,95.5,5331bc8d-2824d-7f4ccogP.VID,2014-03-26 14:14:27.490000,
390,99.5,5331c5de-220ba-27d1cogP.VID,2014-03-26 14:14:29.505000,
402,99.2,5331c71d-224cb-7957cogP.VID,2014-03-26 14:14:31.473000,
414,99.5,5331c821-2281d-1db0cogP.VID,2014-03-26 14:14:33.395000,
426,99.3,5331c877-22935-387bcogP.VID,2014-03-26 14:14:35.379000,
438,99.4,5331d541-252f9-2e86cogP.VID,2014-03-26 14:14:37.410000,
450,99.3,5331d579-253b0-5dbdcogP.VID,2014-03-26 14:14:39.457000,
462,99.5,5331d5e2-25507-1643cogP.VID,2014-03-26 14:14:41.550000,
474,99.3,5331d607-2557f-27becogP.VID,2014-03-26 14:14:43.425000,
486,99.5,5331d6b4-257b4-8751cogP.VID,2014-03-26 14:14:45.628000,
498,99.4,5331d6d5-25820-70dacogP.VID,2014-03-26 14:14:47.518000,
510,99.5,5331d72d-25940-5f9ecogP.VID,2014-03-26 14:14:49.830000,
10,99.5,5331d74f-259af-7324cogP.VID,2014-03-26 14:14:51.783000,
522,99.4,5331d7a9-25ad4-35e0cogP.VID,2014-03-26 14:14:54.064000,
534,99.4,5331d7cc-25b47-7363cogP.VID,2014-03-26 14:14:55.986000,
546,99.5,5331d851-25cf9-4385cogP.VID,2014-03-26 14:14:58.189000,
558,99.3,5331d87d-25d89-7ae6cogP.VID,2014-03-26 14:15:00.110000,
570,99.5,5331d8d4-25ea5-3faecogP.VID,2014-03-26 14:15:02.188000,
582,99.3,5331d900-25f35-7710cogP.VID,2014-03-26 14:15:04.094000,
27,88.5,52cc4e57-14795-23cdcogP.VID,2014-03-26 14:15:07,Substrate Align Left
28,90.2,52cc4e57-14795-23cdcogP.VID,2014-03-26 14:17:55.516000,Substrate Align Left
76,84.6,52cc4ead-148ae-3e98cogP.VID,2014-03-26 14:17:57.469000,Substrate Align Right
121,79.7,52cc5154-25157-1b10cogP.VID,2014-03-26 14:17:59.469000,Local Align Right
165,79.7,52cc5161-25182-3ce1cogP.VID,2014-03-26 14:18:01.406000,Local Align Left
205,95.1,52cc7476-24412-30cfcogP.VID,2014-03-26 14:18:03.468000,VCSEL Left
243,96.9,52cc74f4-245ae-5b0acogP.VID,2014-03-26 14:18:05.390000,VCSEL Right
281,97.0,5331b99c-278b2-7fdecogP.VID,2014-03-26 14:18:07.406000,
299,98.0,5331b96c-27816-208acogP.VID,2014-03-26 14:18:09.343000,
317,96.6,5331ba93-27bd9-8266cogP.VID,2014-03-26 14:18:12.249000,
330,96.8,5331badd-27ccb-255ccogP.VID,2014-03-26 14:18:14.202000,
343,96.2,5331bb69-27e94-1b65cogP.VID,2014-03-26 14:18:16.218000,
355,96.0,5331bb9a-27f34-24b5cogP.VID,2014-03-26 14:18:18.171000,
367,96.6,5331bc54-28193-2619cogP.VID,2014-03-26 14:18:20.202000,
379,95.5,5331bc8d-2824d-7f4ccogP.VID,2014-03-26 14:18:22.077000,
391,99.5,5331c5de-220ba-27d1cogP.VID,2014-03-26 14:18:24.077000,
403,99.2,5331c71d-224cb-7957cogP.VID,2014-03-26 14:18:26.092000,
415,99.5,5331c821-2281d-1db0cogP.VID,2014-03-26 14:18:28.170000,
427,99.4,5331c877-22935-387bcogP.VID,2014-03-26 14:18:30.030000,
439,99.4,5331d541-252f9-2e86cogP.VID,2014-03-26 14:18:31.951000,
451,99.3,5331d579-253b0-5dbdcogP.VID,2014-03-26 14:18:33.904000,
463,99.4,5331d5e2-25507-1643cogP.VID,2014-03-26 14:18:35.936000,
475,99.4,5331d607-2557f-27becogP.VID,2014-03-26 14:18:37.795000,
487,99.5,5331d6b4-257b4-8751cogP.VID,2014-03-26 14:18:40.014000,
499,99.4,5331d6d5-25820-70dacogP.VID,2014-03-26 14:18:41.935000,
511,99.5,5331d72d-25940-5f9ecogP.VID,2014-03-26 14:18:44.248000,
11,99.4,5331d74f-259af-7324cogP.VID,2014-03-26 14:18:46.107000,
523,99.5,5331d7a9-25ad4-35e0cogP.VID,2014-03-26 14:18:48.076000,
535,99.4,5331d7cc-25b47-7363cogP.VID,2014-03-26 14:18:49.966000,
547,99.4,5331d851-25cf9-4385cogP.VID,2014-03-26 14:18:51.951000,
559,99.3,5331d87d-25d89-7ae6cogP.VID,2014-03-26 14:18:53.982000,
571,99.5,5331d8d4-25ea5-3faecogP.VID,2014-03-26 14:18:55.950000,
583,99.3,5331d900-25f35-7710cogP.VID,2014-03-26 14:18:57.903000,
29,88.5,52cc4e57-14795-23cdcogP.VID,2014-03-26 14:19:00.763000,Substrate Align Left
77,84.2,52cc4ead-148ae-3e98cogP.VID,2014-03-26 14:19:02.731000,Substrate Align Right
122,80.0,52cc5154-25157-1b10cogP.VID,2014-03-26 14:19:04.794000,Local Align Right
166,79.8,52cc5161-25182-3ce1cogP.VID,2014-03-26 14:19:06.840000,Local Align Left
206,95.1,52cc7476-24412-30cfcogP.VID,2014-03-26 14:19:08.903000,VCSEL Left
244,96.8,52cc74f4-245ae-5b0acogP.VID,2014-03-26 14:19:10.856000,VCSEL Right
282,96.9,5331b99c-278b2-7fdecogP.VID,2014-03-26 14:19:12.762000,
300,98.0,5331b96c-27816-208acogP.VID,2014-03-26 14:19:14.684000,
318,96.6,5331ba93-27bd9-8266cogP.VID,2014-03-26 14:19:16.668000,
331,96.7,5331badd-27ccb-255ccogP.VID,2014-03-26 14:19:18.731000,
319,96.6,5331ba93-27bd9-8266cogP.VID,2014-03-26 14:19:25.058000,
332,96.8,5331badd-27ccb-255ccogP.VID,2014-03-26 14:19:26.949000,
344,96.7,5331bb69-27e94-1b65cogP.VID,2014-03-26 14:19:28.918000,
356,95.9,5331bb9a-27f34-24b5cogP.VID,2014-03-26 14:19:30.824000,
368,96.1,5331bc54-28193-2619cogP.VID,2014-03-26 14:19:32.855000,
380,95.6,5331bc8d-2824d-7f4ccogP.VID,2014-03-26 14:19:34.730000,
392,99.4,5331c5de-220ba-27d1cogP.VID,2014-03-26 14:19:36.714000,
404,99.2,5331c71d-224cb-7957cogP.VID,2014-03-26 14:19:38.667000,
416,99.5,5331c821-2281d-1db0cogP.VID,2014-03-26 14:19:40.636000,
428,99.4,5331c877-22935-387bcogP.VID,2014-03-26 14:19:42.667000,
440,99.5,5331d541-252f9-2e86cogP.VID,2014-03-26 14:19:44.808000,
452,99.3,5331d579-253b0-5dbdcogP.VID,2014-03-26 14:19:46.932000,
464,99.5,5331d5e2-25507-1643cogP.VID,2014-03-26 14:19:48.901000,
476,99.3,5331d607-2557f-27becogP.VID,2014-03-26 14:19:50.792000,
488,99.4,5331d6b4-257b4-8751cogP.VID,2014-03-26 14:19:52.745000,
500,99.4,5331d6d5-25820-70dacogP.VID,2014-03-26 14:19:54.698000,
512,99.5,5331d72d-25940-5f9ecogP.VID,2014-03-26 14:19:56.729000,
12,99.4,5331d74f-259af-7324cogP.VID,2014-03-26 14:19:58.760000,
524,99.4,5331d7a9-25ad4-35e0cogP.VID,2014-03-26 14:20:00.776000,
536,99.4,5331d7cc-25b47-7363cogP.VID,2014-03-26 14:20:02.822000,
548,99.5,5331d851-25cf9-4385cogP.VID,2014-03-26 14:20:04.744000,
560,99.4,5331d87d-25d89-7ae6cogP.VID,2014-03-26 14:20:06.697000,
572,99.5,5331d8d4-25ea5-3faecogP.VID,2014-03-26 14:20:08.728000,
584,99.4,5331d900-25f35-7710cogP.VID,2014-03-26 14:20:10.791000,
30,88.3,52cc4e57-14795-23cdcogP.VID,2014-03-26 14:20:13.759000,Substrate Align Left
78,84.2,52cc4ead-148ae-3e98cogP.VID,2014-03-26 14:20:15.712000,Substrate Align Right
123,79.8,52cc5154-25157-1b10cogP.VID,2014-03-26 14:20:17.790000,Local Align Right
167,79.8,52cc5161-25182-3ce1cogP.VID,2014-03-26 14:20:19.697000,Local Align Left
207,95.0,52cc7476-24412-30cfcogP.VID,2014-03-26 14:20:21.665000,VCSEL Left
245,97.0,52cc74f4-245ae-5b0acogP.VID,2014-03-26 14:20:23.634000,VCSEL Right
283,96.8,5331b99c-278b2-7fdecogP.VID,2014-03-26 14:20:25.618000,
301,98.0,5331b96c-27816-208acogP.VID,2014-03-26 14:20:27.618000,
320,96.7,5331ba93-27bd9-8266cogP.VID,2014-03-26 14:20:29.727000,
333,96.7,5331badd-27ccb-255ccogP.VID,2014-03-26 14:20:31.665000,
345,96.1,5331bb69-27e94-1b65cogP.VID,2014-03-26 14:20:33.805000,
357,95.9,5331bb9a-27f34-24b5cogP.VID,2014-03-26 14:20:35.790000,
369,96.8,5331bc54-28193-2619cogP.VID,2014-03-26 14:20:37.993000,
381,95.6,5331bc8d-2824d-7f4ccogP.VID,2014-03-26 14:20:39.899000,
393,99.5,5331c5de-220ba-27d1cogP.VID,2014-03-26 14:20:41.899000,
405,99.2,5331c71d-224cb-7957cogP.VID,2014-03-26 14:20:43.821000,
417,99.5,5331c821-2281d-1db0cogP.VID,2014-03-26 14:20:45.883000,
429,99.3,5331c877-22935-387bcogP.VID,2014-03-26 14:20:47.898000,
441,99.4,5331d541-252f9-2e86cogP.VID,2014-03-26 14:20:49.789000,
453,99.3,5331d579-253b0-5dbdcogP.VID,2014-03-26 14:20:51.726000,
465,99.4,5331d5e2-25507-1643cogP.VID,2014-03-26 14:20:53.726000,
477,99.3,5331d607-2557f-27becogP.VID,2014-03-26 14:20:55.711000,
489,99.5,5331d6b4-257b4-8751cogP.VID,2014-03-26 14:20:57.867000,
501,99.4,5331d6d5-25820-70dacogP.VID,2014-03-26 14:20:59.898000,
513,99.4,5331d72d-25940-5f9ecogP.VID,2014-03-26 14:21:01.851000,
13,99.4,5331d74f-259af-7324cogP.VID,2014-03-26 14:21:03.741000,
525,99.4,5331d7a9-25ad4-35e0cogP.VID,2014-03-26 14:21:05.710000,
537,99.4,5331d7cc-25b47-7363cogP.VID,2014-03-26 14:21:07.663000,
549,99.4,5331d851-25cf9-4385cogP.VID,2014-03-26 14:21:09.741000,
561,99.3,5331d87d-25d89-7ae6cogP.VID,2014-03-26 14:21:11.679000,
573,99.4,5331d8d4-25ea5-3faecogP.VID,2014-03-26 14:21:13.663000,
585,99.3,5331d900-25f35-7710cogP.VID,2014-03-26 14:21:15.647000,
31,88.3,52cc4e57-14795-23cdcogP.VID,2014-03-26 14:21:18.522000,Substrate Align Left
79,84.2,52cc4ead-148ae-3e98cogP.VID,2014-03-26 14:21:20.413000,Substrate Align Right
124,79.9,52cc5154-25157-1b10cogP.VID,2014-03-26 14:21:22.459000,Local Align Right
168,79.7,52cc5161-25182-3ce1cogP.VID,2014-03-26 14:21:24.459000,Local Align Left
208,95.1,52cc7476-24412-30cfcogP.VID,2014-03-26 14:21:26.490000,VCSEL Left
246,96.8,52cc74f4-245ae-5b0acogP.VID,2014-03-26 14:21:28.506000,VCSEL Right
284,96.8,5331b99c-278b2-7fdecogP.VID,2014-03-26 14:21:30.412000,
302,98.1,5331b96c-27816-208acogP.VID,2014-03-26 14:21:32.428000,
321,96.6,5331ba93-27bd9-8266cogP.VID,2014-03-26 14:21:34.412000,
334,96.8,5331badd-27ccb-255ccogP.VID,2014-03-26 14:21:36.412000,
346,96.2,5331bb69-27e94-1b65cogP.VID,2014-03-26 14:21:38.599000,
358,96.0,5331bb9a-27f34-24b5cogP.VID,2014-03-26 14:21:40.599000,
370,96.5,5331bc54-28193-2619cogP.VID,2014-03-26 14:21:42.724000,
382,95.5,5331bc8d-2824d-7f4ccogP.VID,2014-03-26 14:21:44.740000,
394,99.5,5331c5de-220ba-27d1cogP.VID,2014-03-26 14:21:46.865000,
406,99.2,5331c71d-224cb-7957cogP.VID,2014-03-26 14:21:48.802000,
418,99.5,5331c821-2281d-1db0cogP.VID,2014-03-26 14:21:50.943000,
430,99.3,5331c877-22935-387bcogP.VID,2014-03-26 14:21:52.833000,
442,99.4,5331d541-252f9-2e86cogP.VID,2014-03-26 14:21:54.833000,
454,99.3,5331d579-253b0-5dbdcogP.VID,2014-03-26 14:21:56.740000,
466,99.4,5331d5e2-25507-1643cogP.VID,2014-03-26 14:21:58.818000,
478,99.3,5331d607-2557f-27becogP.VID,2014-03-26 14:22:00.833000,
490,99.4,5331d6b4-257b4-8751cogP.VID,2014-03-26 14:22:02.724000,
502,99.4,5331d6d5-25820-70dacogP.VID,2014-03-26 14:22:04.724000,
514,99.5,5331d72d-25940-5f9ecogP.VID,2014-03-26 14:22:06.677000,
14,99.5,5331d74f-259af-7324cogP.VID,2014-03-26 14:22:08.693000,
526,99.4,5331d7a9-25ad4-35e0cogP.VID,2014-03-26 14:22:10.786000,
538,99.4,5331d7cc-25b47-7363cogP.VID,2014-03-26 14:22:12.833000,
550,99.5,5331d851-25cf9-4385cogP.VID,2014-03-26 14:22:14.896000,
562,99.4,5331d87d-25d89-7ae6cogP.VID,2014-03-26 14:22:16.786000,
574,99.4,5331d8d4-25ea5-3faecogP.VID,2014-03-26 14:22:18.755000,
586,99.4,5331d900-25f35-7710cogP.VID,2014-03-26 14:22:20.724000,
32,88.3,52cc4e57-14795-23cdcogP.VID,2014-03-26 14:22:23.645000,Substrate Align Left
80,84.2,52cc4ead-148ae-3e98cogP.VID,2014-03-26 14:22:25.630000,Substrate Align Right
125,79.7,52cc5154-25157-1b10cogP.VID,2014-03-26 14:22:27.645000,Local Align Right
169,79.8,52cc5161-25182-3ce1cogP.VID,2014-03-26 14:22:29.567000,Local Align Left
209,95.2,52cc7476-24412-30cfcogP.VID,2014-03-26 14:22:31.661000,VCSEL Left
247,96.8,52cc74f4-245ae-5b0acogP.VID,2014-03-26 14:22:33.536000,VCSEL Right
285,96.9,5331b99c-278b2-7fdecogP.VID,2014-03-26 14:22:35.551000,
303,98.1,5331b96c-27816-208acogP.VID,2014-03-26 14:22:37.583000,
322,96.6,5331ba93-27bd9-8266cogP.VID,2014-03-26 14:22:39.614000,
335,96.8,5331badd-27ccb-255ccogP.VID,2014-03-26 14:22:41.583000,
347,96.2,5331bb69-27e94-1b65cogP.VID,2014-03-26 14:22:43.645000,
359,95.9,5331bb9a-27f34-24b5cogP.VID,2014-03-26 14:22:45.692000,
371,96.2,5331bc54-28193-2619cogP.VID,2014-03-26 14:22:47.614000,
383,95.5,5331bc8d-2824d-7f4ccogP.VID,2014-03-26 14:22:49.582000,
395,99.5,5331c5de-220ba-27d1cogP.VID,2014-03-26 14:22:53.723000,
407,99.2,5331c71d-224cb-7957cogP.VID,2014-03-26 14:22:55.707000,
419,99.4,5331c821-2281d-1db0cogP.VID,2014-03-26 14:22:57.660000,
431,99.3,5331c877-22935-387bcogP.VID,2014-03-26 14:22:59.988000,
443,99.5,5331d541-252f9-2e86cogP.VID,2014-03-26 14:23:02.098000,
455,99.3,5331d579-253b0-5dbdcogP.VID,2014-03-26 14:23:04.066000,
467,99.4,5331d5e2-25507-1643cogP.VID,2014-03-26 14:23:06.098000,
479,99.3,5331d607-2557f-27becogP.VID,2014-03-26 14:23:08.191000,
491,99.4,5331d6b4-257b4-8751cogP.VID,2014-03-26 14:23:10.238000,
503,99.4,5331d6d5-25820-70dacogP.VID,2014-03-26 14:23:12.238000,
515,99.5,5331d72d-25940-5f9ecogP.VID,2014-03-26 14:23:14.269000,
15,99.4,5331d74f-259af-7324cogP.VID,2014-03-26 14:23:16.191000,
527,99.3,5331d7a9-25ad4-35e0cogP.VID,2014-03-26 14:23:18.285000,
539,99.3,5331d7cc-25b47-7363cogP.VID,2014-03-26 14:23:20.238000,
551,99.5,5331d851-25cf9-4385cogP.VID,2014-03-26 14:23:22.301000,
563,99.3,5331d87d-25d89-7ae6cogP.VID,2014-03-26 14:23:24.316000,
575,99.5,5331d8d4-25ea5-3faecogP.VID,2014-03-26 14:23:26.379000,
587,99.3,5331d900-25f35-7710cogP.VID,2014-03-26 14:23:28.269000,
33,88.3,52cc4e57-14795-23cdcogP.VID,2014-03-26 14:23:31.410000,Substrate Align Left
81,84.2,52cc4ead-148ae-3e98cogP.VID,2014-03-26 14:23:33.316000,Substrate Align Right
126,79.7,52cc5154-25157-1b10cogP.VID,2014-03-26 14:23:35.410000,Local Align Right
170,79.7,52cc5161-25182-3ce1cogP.VID,2014-03-26 14:23:37.394000,Local Align Left
210,95.2,52cc7476-24412-30cfcogP.VID,2014-03-26 14:23:39.503000,VCSEL Left
248,96.9,52cc74f4-245ae-5b0acogP.VID,2014-03-26 14:23:41.675000,VCSEL Right
286,96.8,5331b99c-278b2-7fdecogP.VID,2014-03-26 14:23:43.659000,
304,98.0,5331b96c-27816-208acogP.VID,2014-03-26 14:23:45.659000,
323,96.6,5331ba93-27bd9-8266cogP.VID,2014-03-26 14:23:47.831000,
336,96.6,5331badd-27ccb-255ccogP.VID,2014-03-26 14:23:49.894000,
348,96.7,5331bb69-27e94-1b65cogP.VID,2014-03-26 14:23:52.019000,
360,95.0,5331bb9a-27f34-24b5cogP.VID,2014-03-26 14:23:54.112000,
372,96.7,5331bc54-28193-2619cogP.VID,2014-03-26 14:23:56.300000,
384,94.8,5331bc8d-2824d-7f4ccogP.VID,2014-03-26 14:23:58.347000,
396,99.4,5331c5de-220ba-27d1cogP.VID,2014-03-26 14:24:00.472000,
408,99.2,5331c71d-224cb-7957cogP.VID,2014-03-26 14:24:02.565000,
420,99.5,5331c821-2281d-1db0cogP.VID,2014-03-26 14:24:04.659000,
432,99.2,5331c877-22935-387bcogP.VID,2014-03-26 14:24:06.706000,
444,99.3,5331d541-252f9-2e86cogP.VID,2014-03-26 14:24:08.768000,
456,99.2,5331d579-253b0-5dbdcogP.VID,2014-03-26 14:24:10.753000,
468,99.4,5331d5e2-25507-1643cogP.VID,2014-03-26 14:24:12.971000,
480,99.3,5331d607-2557f-27becogP.VID,2014-03-26 14:24:14.956000,
492,99.4,5331d6b4-257b4-8751cogP.VID,2014-03-26 14:24:17.065000,
504,99.4,5331d6d5-25820-70dacogP.VID,2014-03-26 14:24:18.956000,
516,99.4,5331d72d-25940-5f9ecogP.VID,2014-03-26 14:24:20.924000,
16,99.5,5331d74f-259af-7324cogP.VID,2014-03-26 14:24:22.971000,
528,99.4,5331d7a9-25ad4-35e0cogP.VID,2014-03-26 14:24:24.987000,
540,99.4,5331d7cc-25b47-7363cogP.VID,2014-03-26 14:24:26.956000,
552,99.4,5331d851-25cf9-4385cogP.VID,2014-03-26 14:24:28.909000,
564,99.3,5331d87d-25d89-7ae6cogP.VID,2014-03-26 14:24:30.909000,
576,99.4,5331d8d4-25ea5-3faecogP.VID,2014-03-26 14:24:32.830000,
588,99.3,5331d900-25f35-7710cogP.VID,2014-03-26 14:24:34.752000,
34,88.3,52cc4e57-14795-23cdcogP.VID,2014-03-26 14:24:37.940000,Substrate Align Left
82,84.1,52cc4ead-148ae-3e98cogP.VID,2014-03-26 14:24:39.940000,Substrate Align Right
127,79.6,52cc5154-25157-1b10cogP.VID,2014-03-26 14:24:42.065000,Local Align Right
171,79.9,52cc5161-25182-3ce1cogP.VID,2014-03-26 14:24:44.033000,Local Align Left
211,95.3,52cc7476-24412-30cfcogP.VID,2014-03-26 14:24:46.111000,VCSEL Left
249,96.9,52cc74f4-245ae-5b0acogP.VID,2014-03-26 14:24:48.252000,VCSEL Right
287,96.9,5331b99c-278b2-7fdecogP.VID,2014-03-26 14:24:50.377000,
305,98.1,5331b96c-27816-208acogP.VID,2014-03-26 14:24:52.502000,
324,96.6,5331ba93-27bd9-8266cogP.VID,2014-03-26 14:24:54.486000,
337,96.7,5331badd-27ccb-255ccogP.VID,2014-03-26 14:24:56.439000,
349,96.2,5331bb69-27e94-1b65cogP.VID,2014-03-26 14:24:58.752000,
361,96.1,5331bb9a-27f34-24b5cogP.VID,2014-03-26 14:25:01.064000,
373,96.4,5331bc54-28193-2619cogP.VID,2014-03-26 14:25:03.267000,
385,95.6,5331bc8d-2824d-7f4ccogP.VID,2014-03-26 14:25:05.174000,
397,99.5,5331c5de-220ba-27d1cogP.VID,2014-03-26 14:25:07.189000,
409,99.2,5331c71d-224cb-7957cogP.VID,2014-03-26 14:25:09.173000,
421,99.5,5331c821-2281d-1db0cogP.VID,2014-03-26 14:25:11.158000,
433,99.3,5331c877-22935-387bcogP.VID,2014-03-26 14:25:13.189000,
445,99.4,5331d541-252f9-2e86cogP.VID,2014-03-26 14:25:15.283000,
457,99.3,5331d579-253b0-5dbdcogP.VID,2014-03-26 14:25:17.345000,
469,99.4,5331d5e2-25507-1643cogP.VID,2014-03-26 14:25:19.579000,
481,99.3,5331d607-2557f-27becogP.VID,2014-03-26 14:25:21.673000,
493,99.4,5331d6b4-257b4-8751cogP.VID,2014-03-26 14:25:23.783000,
505,99.4,5331d6d5-25820-70dacogP.VID,2014-03-26 14:25:25.829000,
517,99.4,5331d72d-25940-5f9ecogP.VID,2014-03-26 14:25:27.970000,
17,99.5,5331d74f-259af-7324cogP.VID,2014-03-26 14:25:29.939000,
529,99.4,5331d7a9-25ad4-35e0cogP.VID,2014-03-26 14:25:31.923000,
541,99.4,5331d7cc-25b47-7363cogP.VID,2014-03-26 14:25:33.829000,
553,99.4,5331d851-25cf9-4385cogP.VID,2014-03-26 14:25:35.892000,
565,99.3,5331d87d-25d89-7ae6cogP.VID,2014-03-26 14:25:38.032000,
577,99.4,5331d8d4-25ea5-3faecogP.VID,2014-03-26 14:25:40.954000,
589,99.4,5331d900-25f35-7710cogP.VID,2014-03-26 14:25:43.876000,
35,88.3,52cc4e57-14795-23cdcogP.VID,2014-03-26 14:25:47.657000,Substrate Align Left
83,84.1,52cc4ead-148ae-3e98cogP.VID,2014-03-26 14:25:49.798000,Substrate Align Right
128,79.7,52cc5154-25157-1b10cogP.VID,2014-03-26 14:25:54.313000,Local Align Right
172,79.6,52cc5161-25182-3ce1cogP.VID,2014-03-26 14:25:56.204000,Local Align Left
212,95.2,52cc7476-24412-30cfcogP.VID,2014-03-26 14:25:58.141000,VCSEL Left
250,96.9,52cc74f4-245ae-5b0acogP.VID,2014-03-26 14:26:00.204000,VCSEL Right
288,96.9,5331b99c-278b2-7fdecogP.VID,2014-03-26 14:26:02.204000,
306,98.1,5331b96c-27816-208acogP.VID,2014-03-26 14:26:04.266000,
325,96.6,5331ba93-27bd9-8266cogP.VID,2014-03-26 14:26:06.329000,
338,96.7,5331badd-27ccb-255ccogP.VID,2014-03-26 14:26:08.266000,
350,96.7,5331bb69-27e94-1b65cogP.VID,2014-03-26 14:26:10.219000,
362,95.3,5331bb9a-27f34-24b5cogP.VID,2014-03-26 14:26:12.172000,
374,96.7,5331bc54-28193-2619cogP.VID,2014-03-26 14:26:14.078000,
386,95.6,5331bc8d-2824d-7f4ccogP.VID,2014-03-26 14:26:16.047000,
398,99.4,5331c5de-220ba-27d1cogP.VID,2014-03-26 14:26:18.110000,
410,99.2,5331c71d-224cb-7957cogP.VID,2014-03-26 14:26:20.016000,
422,99.5,5331c821-2281d-1db0cogP.VID,2014-03-26 14:26:22.031000,
434,99.2,5331c877-22935-387bcogP.VID,2014-03-26 14:26:24.047000,
446,99.4,5331d541-252f9-2e86cogP.VID,2014-03-26 14:26:26.016000,
458,99.2,5331d579-253b0-5dbdcogP.VID,2014-03-26 14:26:27.891000,
470,99.4,5331d5e2-25507-1643cogP.VID,2014-03-26 14:26:29.859000,
482,99.2,5331d607-2557f-27becogP.VID,2014-03-26 14:26:31.844000,
494,99.5,5331d6b4-257b4-8751cogP.VID,2014-03-26 14:26:33.828000,
506,99.4,5331d6d5-25820-70dacogP.VID,2014-03-26 14:26:35.828000,
518,99.4,5331d72d-25940-5f9ecogP.VID,2014-03-26 14:26:37.766000,
18,99.4,5331d74f-259af-7324cogP.VID,2014-03-26 14:26:39.687000,
530,99.3,5331d7a9-25ad4-35e0cogP.VID,2014-03-26 14:26:41.703000,
542,99.4,5331d7cc-25b47-7363cogP.VID,2014-03-26 14:26:43.703000,
554,99.4,5331d851-25cf9-4385cogP.VID,2014-03-26 14:26:46.031000,
566,99.3,5331d87d-25d89-7ae6cogP.VID,2014-03-26 14:26:48,
578,99.3,5331d8d4-25ea5-3faecogP.VID,2014-03-26 14:26:50.031000,
590,99.3,5331d900-25f35-7710cogP.VID,2014-03-26 14:26:52,
36,88.3,52cc4e57-14795-23cdcogP.VID,2014-03-26 14:26:55.078000,Substrate Align Left
84,84.1,52cc4ead-148ae-3e98cogP.VID,2014-03-26 14:26:57,Substrate Align Right
129,79.8,52cc5154-25157-1b10cogP.VID,2014-03-26 14:26:59,Local Align Right
173,79.9,52cc5161-25182-3ce1cogP.VID,2014-03-26 14:27:00.922000,Local Align Left
213,95.2,52cc7476-24412-30cfcogP.VID,2014-03-26 14:27:03.047000,VCSEL Left
251,96.9,52cc74f4-245ae-5b0acogP.VID,2014-03-26 14:27:04.937000,VCSEL Right
289,96.9,5331b99c-278b2-7fdecogP.VID,2014-03-26 14:27:06.890000,
307,98.2,5331b96c-27816-208acogP.VID,2014-03-26 14:27:08.843000,
326,96.6,5331ba93-27bd9-8266cogP.VID,2014-03-26 14:27:11.062000,
339,96.7,5331badd-27ccb-255ccogP.VID,2014-03-26 14:27:13.109000,
351,96.1,5331bb69-27e94-1b65cogP.VID,2014-03-26 14:27:15.109000,
363,96.0,5331bb9a-27f34-24b5cogP.VID,2014-03-26 14:27:17,
375,96.7,5331bc54-28193-2619cogP.VID,2014-03-26 14:27:18.953000,
387,95.4,5331bc8d-2824d-7f4ccogP.VID,2014-03-26 14:27:20.906000,
399,99.5,5331c5de-220ba-27d1cogP.VID,2014-03-26 14:27:22.921000,
411,99.3,5331c71d-224cb-7957cogP.VID,2014-03-26 14:27:24.890000,
423,99.5,5331c821-2281d-1db0cogP.VID,2014-03-26 14:27:26.937000,
435,99.2,5331c877-22935-387bcogP.VID,2014-03-26 14:27:29.171000,
447,99.4,5331d541-252f9-2e86cogP.VID,2014-03-26 14:27:31.375000,
459,99.2,5331d579-253b0-5dbdcogP.VID,2014-03-26 14:27:33.578000,
471,99.4,5331d5e2-25507-1643cogP.VID,2014-03-26 14:27:35.625000,
483,99.3,5331d607-2557f-27becogP.VID,2014-03-26 14:27:37.546000,
495,99.5,5331d6b4-257b4-8751cogP.VID,2014-03-26 14:27:39.593000,
507,99.3,5331d6d5-25820-70dacogP.VID,2014-03-26 14:27:41.718000,
519,99.5,5331d72d-25940-5f9ecogP.VID,2014-03-26 14:27:43.890000,
19,99.5,5331d74f-259af-7324cogP.VID,2014-03-26 14:27:45.843000,
531,99.4,5331d7a9-25ad4-35e0cogP.VID,2014-03-26 14:27:47.921000,
543,99.4,5331d7cc-25b47-7363cogP.VID,2014-03-26 14:27:49.843000,
555,99.4,5331d851-25cf9-4385cogP.VID,2014-03-26 14:27:51.812000,
567,99.4,5331d87d-25d89-7ae6cogP.VID,2014-03-26 14:27:53.781000,
579,99.4,5331d8d4-25ea5-3faecogP.VID,2014-03-26 14:27:55.812000,
591,99.2,5331d900-25f35-7710cogP.VID,2014-03-26 14:27:57.890000,
37,88.2,52cc4e57-14795-23cdcogP.VID,2014-03-26 14:28:00.781000,Substrate Align Left
85,84.1,52cc4ead-148ae-3e98cogP.VID,2014-03-26 14:28:02.906000,Substrate Align Right
130,79.7,52cc5154-25157-1b10cogP.VID,2014-03-26 14:28:05.031000,Local Align Right
174,79.9,52cc5161-25182-3ce1cogP.VID,2014-03-26 14:28:07.015000,Local Align Left
214,94.8,52cc7476-24412-30cfcogP.VID,2014-03-26 14:28:09.109000,VCSEL Left
252,96.9,52cc74f4-245ae-5b0acogP.VID,2014-03-26 14:28:11.077000,VCSEL Right
290,96.9,5331b99c-278b2-7fdecogP.VID,2014-03-26 14:28:13.140000,
308,98.1,5331b96c-27816-208acogP.VID,2014-03-26 14:28:15.109000,
327,96.6,5331ba93-27bd9-8266cogP.VID,2014-03-26 14:28:17.046000,
340,96.8,5331badd-27ccb-255ccogP.VID,2014-03-26 14:28:18.968000,
352,96.7,5331bb69-27e94-1b65cogP.VID,2014-03-26 14:28:20.999000,
364,95.4,5331bb9a-27f34-24b5cogP.VID,2014-03-26 14:28:22.952000,
376,96.5,5331bc54-28193-2619cogP.VID,2014-03-26 14:28:24.937000,
388,95.0,5331bc8d-2824d-7f4ccogP.VID,2014-03-26 14:28:26.905000,
400,99.5,5331c5de-220ba-27d1cogP.VID,2014-03-26 14:28:28.890000,
412,99.2,5331c71d-224cb-7957cogP.VID,2014-03-26 14:28:30.827000,
424,99.5,5331c821-2281d-1db0cogP.VID,2014-03-26 14:28:32.984000,
436,99.3,5331c877-22935-387bcogP.VID,2014-03-26 14:28:35.093000,
448,99.4,5331d541-252f9-2e86cogP.VID,2014-03-26 14:28:37.234000,
460,99.3,5331d579-253b0-5dbdcogP.VID,2014-03-26 14:28:39.265000,
472,99.4,5331d5e2-25507-1643cogP.VID,2014-03-26 14:28:41.452000,
484,99.4,5331d607-2557f-27becogP.VID,2014-03-26 14:28:43.483000,
496,99.4,5331d6b4-257b4-8751cogP.VID,2014-03-26 14:28:45.655000,
508,99.4,5331d6d5-25820-70dacogP.VID,2014-03-26 14:28:47.687000,
520,99.5,5331d72d-25940-5f9ecogP.VID,2014-03-26 14:28:49.905000,
20,99.4,5331d74f-259af-7324cogP.VID,2014-03-26 14:28:51.890000,
532,99.4,5331d7a9-25ad4-35e0cogP.VID,2014-03-26 14:28:53.890000,
544,99.4,5331d7cc-25b47-7363cogP.VID,2014-03-26 14:28:55.843000,
556,99.4,5331d851-25cf9-4385cogP.VID,2014-03-26 14:28:57.827000,
568,99.3,5331d87d-25d89-7ae6cogP.VID,2014-03-26 14:28:59.796000,
580,99.4,5331d8d4-25ea5-3faecogP.VID,2014-03-26 14:29:01.796000,
592,99.3,5331d900-25f35-7710cogP.VID,2014-03-26 14:29:03.890000,
38,88.3,52cc4e57-14795-23cdcogP.VID,2014-03-26 14:29:06.811000,Substrate Align Left
86,84.1,52cc4ead-148ae-3e98cogP.VID,2014-03-26 14:29:08.843000,Substrate Align Right
593,98.3,5331e83b-110f1-6e54cogP.VID,2014-03-26 14:39:52.029000,
594,98.1,5331e83b-110f1-6e54cogP.VID,2014-03-26 14:41:03.123000,
39,88.3,52cc4e57-14795-23cdcogP.VID,2014-03-26 14:45:37.467000,Substrate Align Left
87,84.0,52cc4ead-148ae-3e98cogP.VID,2014-03-26 14:45:39.670000,Substrate Align Right
131,79.8,52cc5154-25157-1b10cogP.VID,2014-03-26 14:45:51.389000,Local Align Right
175,79.7,52cc5161-25182-3ce1cogP.VID,2014-03-26 14:45:53.545000,Local Align Left
215,95.3,52cc7476-24412-30cfcogP.VID,2014-03-26 14:46:18.139000,VCSEL Left
253,96.8,52cc74f4-245ae-5b0acogP.VID,2014-03-26 14:46:20.248000,VCSEL Right
291,96.9,5331b99c-278b2-7fdecogP.VID,2014-03-26 14:46:57.748000,
309,98.1,5331b96c-27816-208acogP.VID,2014-03-26 14:46:59.982000,
40,88.3,52cc4e57-14795-23cdcogP.VID,2014-03-26 14:50:52.560000,Substrate Align Left
88,84.1,52cc4ead-148ae-3e98cogP.VID,2014-03-26 14:50:54.435000,Substrate Align Right
132,79.6,52cc5154-25157-1b10cogP.VID,2014-03-26 14:50:56.467000,Local Align Right
176,79.6,52cc5161-25182-3ce1cogP.VID,2014-03-26 14:50:58.404000,Local Align Left
216,94.7,52cc7476-24412-30cfcogP.VID,2014-03-26 14:51:00.342000,VCSEL Left
254,96.9,52cc74f4-245ae-5b0acogP.VID,2014-03-26 14:51:02.310000,VCSEL Right
292,97.1,5331b99c-278b2-7fdecogP.VID,2014-03-26 14:51:04.310000,
310,98.1,5331b96c-27816-208acogP.VID,2014-03-26 14:51:06.279000,
596,0.0,5331e936-31425-18cecogP.VID,2014-03-26 14:51:16.373000,
1,0.0,,2014-03-26 14:51:16.420000,
595,0.0,5331e83b-110f1-6e54cogP.VID,2014-03-26 14:51:29.201000,
2,0.0,,2014-03-26 14:51:29.248000,
597,98.2,5331e936-31425-18cecogP.VID,2014-03-26 14:55:30.435000,
602,98.1,5331e9ba-315d4-3ef4cogP.VID,2014-03-26 14:56:28.279000,
41,88.4,52cc4e57-14795-23cdcogP.VID,2014-03-26 14:57:43.482000,Substrate Align Left
89,84.0,52cc4ead-148ae-3e98cogP.VID,2014-03-26 14:57:45.420000,Substrate Align Right
133,79.8,52cc5154-25157-1b10cogP.VID,2014-03-26 14:57:47.451000,Local Align Right
177,79.8,52cc5161-25182-3ce1cogP.VID,2014-03-26 14:57:49.435000,Local Align Left
217,95.2,52cc7476-24412-30cfcogP.VID,2014-03-26 14:57:51.482000,VCSEL Left
255,96.9,52cc74f4-245ae-5b0acogP.VID,2014-03-26 14:57:53.576000,VCSEL Right
293,96.9,5331b99c-278b2-7fdecogP.VID,2014-03-26 14:57:55.576000,
311,98.0,5331b96c-27816-208acogP.VID,2014-03-26 14:57:57.592000,
598,97.9,5331e936-31425-18cecogP.VID,2014-03-26 14:58:07.467000,
603,97.7,5331e9ba-315d4-3ef4cogP.VID,2014-03-26 14:58:09.451000,
42,87.6,52cc4e57-14795-23cdcogP.VID,2014-03-26 14:58:41.982000,Substrate Align Left
90,83.3,52cc4ead-148ae-3e98cogP.VID,2014-03-26 14:58:44.029000,Substrate Align Right
134,80.4,52cc5154-25157-1b10cogP.VID,2014-03-26 14:58:46.029000,Local Align Right
178,79.7,52cc5161-25182-3ce1cogP.VID,2014-03-26 14:58:47.998000,Local Align Left
218,94.8,52cc7476-24412-30cfcogP.VID,2014-03-26 14:58:50.014000,VCSEL Left
256,96.4,52cc74f4-245ae-5b0acogP.VID,2014-03-26 14:58:52.107000,VCSEL Right
294,96.2,5331b99c-278b2-7fdecogP.VID,2014-03-26 14:58:54.248000,
312,97.9,5331b96c-27816-208acogP.VID,2014-03-26 14:58:56.310000,
599,96.8,5331e936-31425-18cecogP.VID,2014-03-26 14:59:06.326000,
604,97.0,5331e9ba-315d4-3ef4cogP.VID,2014-03-26 14:59:08.326000,
43,93.3,52cc4e57-14795-23cdcogP.VID,2014-03-26 15:41:35.201000,Substrate Align Left
91,88.7,52cc4ead-148ae-3e98cogP.VID,2014-03-26 15:41:37.154000,Substrate Align Right
135,81.7,52cc5154-25157-1b10cogP.VID,2014-03-26 15:41:39.232000,Local Align Right
179,80.3,52cc5161-25182-3ce1cogP.VID,2014-03-26 15:41:41.170000,Local Align Left
219,94.2,52cc7476-24412-30cfcogP.VID,2014-03-26 15:42:55.310000,VCSEL Left
257,95.4,52cc74f4-245ae-5b0acogP.VID,2014-03-26 15:42:57.232000,VCSEL Right
295,96.0,5331b99c-278b2-7fdecogP.VID,2014-03-26 15:42:59.217000,
313,97.3,5331b96c-27816-208acogP.VID,2014-03-26 15:43:01.279000,
600,97.3,5331e936-31425-18cecogP.VID,2014-03-26 15:43:10.951000,
605,97.7,5331e9ba-315d4-3ef4cogP.VID,2014-03-26 15:43:13.060000,
44,87.0,52cc4e57-14795-23cdcogP.VID,2014-03-26 15:47:30.232000,Substrate Align Left
92,88.0,52cc4ead-148ae-3e98cogP.VID,2014-03-26 15:47:32.342000,Substrate Align Right
136,79.5,52cc5154-25157-1b10cogP.VID,2014-03-26 15:47:34.560000,Local Align Right
180,79.2,52cc5161-25182-3ce1cogP.VID,2014-03-26 15:47:36.545000,Local Align Left
220,95.6,52cc7476-24412-30cfcogP.VID,2014-03-26 15:48:51.107000,VCSEL Left
258,96.0,52cc74f4-245ae-5b0acogP.VID,2014-03-26 15:48:53.170000,VCSEL Right
296,96.9,5331b99c-278b2-7fdecogP.VID,2014-03-26 15:48:55.185000,
314,97.2,5331b96c-27816-208acogP.VID,2014-03-26 15:48:57.139000,
601,97.7,5331e936-31425-18cecogP.VID,2014-03-26 15:49:07.451000,
606,97.6,5331e9ba-315d4-3ef4cogP.VID,2014-03-26 15:49:09.498000,
607,0.0,52f55d11-15b32-1c52cogP.VID,2014-03-26 15:58:31.045000,
608,0.0,52f55d11-15b32-1c52cogP.VID,2014-03-26 15:58:34.576000,
609,0.0,52f55d11-15b32-1c52cogP.VID,2014-03-26 15:58:38.248000,
610,0.0,52f55d11-15b32-1c52cogP.VID,2014-03-26 15:58:41.748000,
611,0.0,52f55d11-15b32-1c52cogP.VID,2014-03-26 15:58:45.342000,
612,0.0,52f55d11-15b32-1c52cogP.VID,2014-03-26 15:58:48.967000,
638,0.0,52f55cea-15ab2-36decogP.VID,2014-03-26 15:58:50.670000,
639,0.0,52f55cea-15ab2-36decogP.VID,2014-03-26 15:59:15.451000,
613,0.0,52f55d11-15b32-1c52cogP.VID,2014-03-26 15:59:23.857000,
614,0.0,52f55d11-15b32-1c52cogP.VID,2014-03-26 15:59:27.310000,
640,0.0,52f55cea-15ab2-36decogP.VID,2014-03-26 16:00:35.920000,
615,0.0,52f55d11-15b32-1c52cogP.VID,2014-03-26 16:00:42.795000,
641,0.0,52f55cea-15ab2-36decogP.VID,2014-03-26 16:00:44.514000,
616,0.0,52f55d11-15b32-1c52cogP.VID,2014-03-26 16:01:45.998000,
617,0.0,52f55d11-15b32-1c52cogP.VID,2014-03-26 16:01:49.498000,
642,0.0,52f55cea-15ab2-36decogP.VID,2014-03-26 16:02:30.248000,
643,0.0,52f55cea-15ab2-36decogP.VID,2014-03-26 16:06:41.295000,
645,0.0,4f620c3c-251f4-74a2cogP.VID,2014-03-26 16:07:38.545000,
648,0.0,4f620c5c-2525c-342fcogP.VID,2014-03-26 16:07:53.217000,
646,0.0,4f620c3c-251f4-74a2cogP.VID,2014-03-26 16:09:55.248000,
650,0.0,4f62094e-24863-7329cogP.VID,2014-03-26 16:11:46.404000,
654,0.0,4f62096d-248c8-88bacogP.VID,2014-03-26 16:11:54.654000,
658,0.0,4f620baa-25017-82afcogP.VID,2014-03-26 16:12:01.889000,
660,0.0,4f620bc3-25069-1c55cogP.VID,2014-03-26 16:12:08.748000,
651,0.0,4f62094e-24863-7329cogP.VID,2014-03-26 16:12:31.029000,
655,0.0,4f62096d-248c8-88bacogP.VID,2014-03-26 16:12:44.748000,
647,0.0,4f620c3c-251f4-74a2cogP.VID,2014-03-26 16:13:24.154000,
649,0.0,4f620c5c-2525c-342fcogP.VID,2014-03-26 16:14:22.232000,
652,0.0,4f62094e-24863-7329cogP.VID,2014-03-26 16:16:35.029000,
656,0.0,4f62096d-248c8-88bacogP.VID,2014-03-26 16:16:43.170000,
659,0.0,4f620baa-25017-82afcogP.VID,2014-03-26 16:16:49.779000,
661,0.0,4f620bc3-25069-1c55cogP.VID,2014-03-26 16:16:56.123000,
653,0.0,4f62094e-24863-7329cogP.VID,2014-03-26 16:17:19.154000,
657,0.0,4f62096d-248c8-88bacogP.VID,2014-03-26 16:17:29.123000,
618,0.0,52f55d11-15b32-1c52cogP.VID,2014-03-26 16:38:18.107000,
619,0.0,52f55d11-15b32-1c52cogP.VID,2014-03-26 16:42:48.107000,
45,0.0,52cc4e57-14795-23cdcogP.VID,2014-03-26 16:46:37.435000,Substrate Align Left
3,0.0,,2014-03-26 16:46:37.467000,
46,88.5,52cc4e57-14795-23cdcogP.VID,2014-03-26 16:50:47.154000,Substrate Align Left
93,84.0,52cc4ead-148ae-3e98cogP.VID,2014-03-26 16:50:49.107000,Substrate Align Right
137,79.6,52cc5154-25157-1b10cogP.VID,2014-03-26 16:50:51.170000,Local Align Right
181,79.9,52cc5161-25182-3ce1cogP.VID,2014-03-26 16:50:53.232000,Local Align Left
221,96.0,52cc7476-24412-30cfcogP.VID,2014-03-26 16:52:02.060000,VCSEL Left
259,97.4,52cc74f4-245ae-5b0acogP.VID,2014-03-26 16:52:04.107000,VCSEL Right
662,93.3,52cc77c5-34ee0-1aebcogP.VID,2014-03-26 16:52:14.264000,Lens Left
682,93.2,52cc7820-35009-87a4cogP.VID,2014-03-26 16:52:16.373000,Lens Right
47,82.7,52cc4e57-14795-23cdcogP.VID,2014-03-26 16:53:02.982000,Substrate Align Left
94,85.9,52cc4ead-148ae-3e98cogP.VID,2014-03-26 16:53:05.014000,Substrate Align Right
138,78.5,52cc5154-25157-1b10cogP.VID,2014-03-26 16:53:07.045000,Local Align Right
182,78.4,52cc5161-25182-3ce1cogP.VID,2014-03-26 16:53:09.029000,Local Align Left
222,93.8,52cc7476-24412-30cfcogP.VID,2014-03-26 16:54:23.889000,VCSEL Left
260,96.6,52cc74f4-245ae-5b0acogP.VID,2014-03-26 16:54:25.935000,VCSEL Right
663,93.6,52cc77c5-34ee0-1aebcogP.VID,2014-03-26 16:54:36.310000,Lens Left
683,93.5,52cc7820-35009-87a4cogP.VID,2014-03-26 16:54:38.467000,Lens Right
48,89.5,52cc4e57-14795-23cdcogP.VID,2014-03-26 16:55:25.139000,Substrate Align Left
95,83.7,52cc4ead-148ae-3e98cogP.VID,2014-03-26 16:55:27.092000,Substrate Align Right
139,80.2,52cc5154-25157-1b10cogP.VID,2014-03-26 16:55:29.185000,Local Align Right
183,76.9,52cc5161-25182-3ce1cogP.VID,2014-03-26 16:55:31.170000,Local Align Left
223,92.2,52cc7476-24412-30cfcogP.VID,2014-03-26 16:56:45.842000,VCSEL Left
261,97.0,52cc74f4-245ae-5b0acogP.VID,2014-03-26 16:56:47.826000,VCSEL Right
664,93.5,52cc77c5-34ee0-1aebcogP.VID,2014-03-26 16:56:58.076000,Lens Left
684,93.4,52cc7820-35009-87a4cogP.VID,2014-03-26 16:57:00.092000,Lens Right
49,89.3,52cc4e57-14795-23cdcogP.VID,2014-03-26 16:57:46.670000,Substrate Align Left
96,87.9,52cc4ead-148ae-3e98cogP.VID,2014-03-26 16:57:48.654000,Substrate Align Right
140,80.4,52cc5154-25157-1b10cogP.VID,2014-03-26 16:57:50.748000,Local Align Right
184,0.0,52cc5161-25182-3ce1cogP.VID,2014-03-26 16:57:52.779000,Local Align Left
4,68.6,,2014-03-26 16:57:52.810000,
5,68.1,,2014-03-26 16:57:58.529000,
50,91.9,52cc4e57-14795-23cdcogP.VID,2014-03-26 16:58:10.139000,Substrate Align Left
97,88.3,52cc4ead-148ae-3e98cogP.VID,2014-03-26 16:58:12.154000,Substrate Align Right
141,76.7,52cc5154-25157-1b10cogP.VID,2014-03-26 16:58:14.123000,Local Align Right
185,81.8,52cc5161-25182-3ce1cogP.VID,2014-03-26 16:58:16.076000,Local Align Left
224,94.6,52cc7476-24412-30cfcogP.VID,2014-03-26 16:59:30.951000,VCSEL Left
262,97.0,52cc74f4-245ae-5b0acogP.VID,2014-03-26 16:59:32.935000,VCSEL Right
665,93.6,52cc77c5-34ee0-1aebcogP.VID,2014-03-26 16:59:43.139000,Lens Left
685,93.9,52cc7820-35009-87a4cogP.VID,2014-03-26 16:59:45.170000,Lens Right
51,89.2,52cc4e57-14795-23cdcogP.VID,2014-03-26 17:00:31.967000,Substrate Align Left
98,84.3,52cc4ead-148ae-3e98cogP.VID,2014-03-26 17:00:33.935000,Substrate Align Right
142,79.8,52cc5154-25157-1b10cogP.VID,2014-03-26 17:00:35.920000,Local Align Right
186,79.7,52cc5161-25182-3ce1cogP.VID,2014-03-26 17:00:37.857000,Local Align Left
225,95.0,52cc7476-24412-30cfcogP.VID,2014-03-26 17:01:52.795000,VCSEL Left
263,95.1,52cc74f4-245ae-5b0acogP.VID,2014-03-26 17:01:54.873000,VCSEL Right
666,93.4,52cc77c5-34ee0-1aebcogP.VID,2014-03-26 17:02:04.982000,Lens Left
686,93.0,52cc7820-35009-87a4cogP.VID,2014-03-26 17:02:06.998000,Lens Right
52,85.2,52cc4e57-14795-23cdcogP.VID,2014-03-26 17:02:53.654000,Substrate Align Left
99,80.5,52cc4ead-148ae-3e98cogP.VID,2014-03-26 17:02:55.732000,Substrate Align Right
143,78.5,52cc5154-25157-1b10cogP.VID,2014-03-26 17:02:57.764000,Local Align Right
187,75.6,52cc5161-25182-3ce1cogP.VID,2014-03-26 17:02:59.717000,Local Align Left
226,95.5,52cc7476-24412-30cfcogP.VID,2014-03-26 17:04:14.701000,VCSEL Left
264,0.0,52cc74f4-245ae-5b0acogP.VID,2014-03-26 17:04:16.764000,VCSEL Right
6,0.0,,2014-03-26 17:04:16.810000,
667,93.2,52cc77c5-34ee0-1aebcogP.VID,2014-03-26 17:04:44.748000,Lens Left
687,93.0,52cc7820-35009-87a4cogP.VID,2014-03-26 17:04:46.764000,Lens Right
53,83.9,52cc4e57-14795-23cdcogP.VID,2014-03-26 17:11:26.451000,Substrate Align Left
100,82.8,52cc4ead-148ae-3e98cogP.VID,2014-03-26 17:11:28.404000,Substrate Align Right
144,79.1,52cc5154-25157-1b10cogP.VID,2014-03-26 17:11:30.607000,Local Align Right
188,81.2,52cc5161-25182-3ce1cogP.VID,2014-03-26 17:11:32.576000,Local Align Left
227,90.7,52cc7476-24412-30cfcogP.VID,2014-03-26 17:12:18.935000,VCSEL Left
265,91.4,52cc74f4-245ae-5b0acogP.VID,2014-03-26 17:12:20.920000,VCSEL Right
668,92.9,52cc77c5-34ee0-1aebcogP.VID,2014-03-26 17:12:31.045000,Lens Left
688,93.0,52cc7820-35009-87a4cogP.VID,2014-03-26 17:12:33.060000,Lens Right
54,81.5,52cc4e57-14795-23cdcogP.VID,2014-03-26 17:13:19.951000,Substrate Align Left
101,76.8,52cc4ead-148ae-3e98cogP.VID,2014-03-26 17:13:22.029000,Substrate Align Right
145,78.5,52cc5154-25157-1b10cogP.VID,2014-03-26 17:13:24.123000,Local Align Right
189,79.7,52cc5161-25182-3ce1cogP.VID,2014-03-26 17:13:26.045000,Local Align Left
228,90.7,52cc7476-24412-30cfcogP.VID,2014-03-26 17:14:12.404000,VCSEL Left
266,92.2,52cc74f4-245ae-5b0acogP.VID,2014-03-26 17:14:14.357000,VCSEL Right
669,93.6,52cc77c5-34ee0-1aebcogP.VID,2014-03-26 17:14:43.576000,Lens Left
689,93.5,52cc7820-35009-87a4cogP.VID,2014-03-26 17:14:45.748000,Lens Right
55,84.0,52cc4e57-14795-23cdcogP.VID,2014-03-26 17:18:35.982000,Substrate Align Left
102,83.3,52cc4ead-148ae-3e98cogP.VID,2014-03-26 17:18:37.920000,Substrate Align Right
146,78.2,52cc5154-25157-1b10cogP.VID,2014-03-26 17:18:39.951000,Local Align Right
56,88.7,52cc4e57-14795-23cdcogP.VID,2014-03-26 17:19:26.732000,Substrate Align Left
103,84.5,52cc4ead-148ae-3e98cogP.VID,2014-03-26 17:19:28.670000,Substrate Align Right
147,76.8,52cc5154-25157-1b10cogP.VID,2014-03-26 17:19:30.764000,Local Align Right
190,79.2,52cc5161-25182-3ce1cogP.VID,2014-03-26 17:19:32.717000,Local Align Left
229,90.9,52cc7476-24412-30cfcogP.VID,2014-03-26 17:20:19.092000,VCSEL Left
267,92.6,52cc74f4-245ae-5b0acogP.VID,2014-03-26 17:20:21.076000,VCSEL Right
670,93.3,52cc77c5-34ee0-1aebcogP.VID,2014-03-26 17:20:31.232000,Lens Left
690,93.6,52cc7820-35009-87a4cogP.VID,2014-03-26 17:20:33.232000,Lens Right
57,81.0,52cc4e57-14795-23cdcogP.VID,2014-03-26 17:21:19.951000,Substrate Align Left
104,80.3,52cc4ead-148ae-3e98cogP.VID,2014-03-26 17:21:21.935000,Substrate Align Right
148,78.8,52cc5154-25157-1b10cogP.VID,2014-03-26 17:21:23.967000,Local Align Right
191,79.8,52cc5161-25182-3ce1cogP.VID,2014-03-26 17:21:25.951000,Local Align Left
230,90.0,52cc7476-24412-30cfcogP.VID,2014-03-26 17:22:12.248000,VCSEL Left
268,92.0,52cc74f4-245ae-5b0acogP.VID,2014-03-26 17:22:14.154000,VCSEL Right
671,94.0,52cc77c5-34ee0-1aebcogP.VID,2014-03-26 17:22:23.826000,Lens Left
691,94.0,52cc7820-35009-87a4cogP.VID,2014-03-26 17:22:25.982000,Lens Right
58,83.3,52cc4e57-14795-23cdcogP.VID,2014-03-26 17:23:12.560000,Substrate Align Left
105,80.5,52cc4ead-148ae-3e98cogP.VID,2014-03-26 17:23:14.514000,Substrate Align Right
149,77.7,52cc5154-25157-1b10cogP.VID,2014-03-26 17:23:16.576000,Local Align Right
192,78.8,52cc5161-25182-3ce1cogP.VID,2014-03-26 17:23:18.592000,Local Align Left
620,0.0,52f55d11-15b32-1c52cogP.VID,2014-03-26 17:52:07.779000,
621,0.0,52f55d11-15b32-1c52cogP.VID,2014-03-26 17:53:39.967000,
622,0.0,52f55d11-15b32-1c52cogP.VID,2014-03-26 17:55:11.529000,
623,0.0,52f55d11-15b32-1c52cogP.VID,2014-03-26 17:56:42.685000,
624,0.0,52f55d11-15b32-1c52cogP.VID,2014-03-26 17:58:14.045000,
625,0.0,52f55d11-15b32-1c52cogP.VID,2014-03-26 17:59:45.607000,
626,0.0,52f55d11-15b32-1c52cogP.VID,2014-03-26 18:01:17.857000,
627,0.0,52f55d11-15b32-1c52cogP.VID,2014-03-26 18:02:49.389000,
628,0.0,52f55d11-15b32-1c52cogP.VID,2014-03-26 18:04:21.810000,
629,0.0,52f55d11-15b32-1c52cogP.VID,2014-03-26 18:05:54.060000,
630,0.0,52f55d11-15b32-1c52cogP.VID,2014-03-26 18:07:25.810000,
631,0.0,52f55d11-15b32-1c52cogP.VID,2014-03-26 18:08:58.060000,
632,0.0,52f55d11-15b32-1c52cogP.VID,2014-03-26 18:10:29.764000,
633,0.0,52f55d11-15b32-1c52cogP.VID,2014-03-26 18:12:01.264000,
644,0.0,52f55cea-15ab2-36decogP.VID,2014-03-26 18:12:03.045000,
634,0.0,52f55d11-15b32-1c52cogP.VID,2014-03-26 18:13:34.639000,
635,0.0,52f55d11-15b32-1c52cogP.VID,2014-03-26 18:16:34.623000,
636,0.0,52f55d11-15b32-1c52cogP.VID,2014-03-26 18:18:06.248000,
637,0.0,52f55d11-15b32-1c52cogP.VID,2014-03-26 18:19:38.404000,
59,0.0,52cc4e57-14795-23cdcogP.VID,2014-03-26 18:22:05.998000,Substrate Align Left
7,0.0,,2014-03-26 18:22:06.014000,
60,85.8,52cc4e57-14795-23cdcogP.VID,2014-03-26 18:23:47.389000,Substrate Align Left
106,83.6,52cc4ead-148ae-3e98cogP.VID,2014-03-26 18:23:49.451000,Substrate Align Right
150,77.8,52cc5154-25157-1b10cogP.VID,2014-03-26 18:23:51.560000,Local Align Right
193,80.7,52cc5161-25182-3ce1cogP.VID,2014-03-26 18:23:53.451000,Local Align Left
231,91.1,52cc7476-24412-30cfcogP.VID,2014-03-26 18:25:02.154000,VCSEL Left
269,91.5,52cc74f4-245ae-5b0acogP.VID,2014-03-26 18:25:04.045000,VCSEL Right
702,0.0,52cc7627-14998-34bbcogP.VID,2014-03-26 18:25:05.982000,
672,93.8,52cc77c5-34ee0-1aebcogP.VID,2014-03-26 18:25:18.670000,Lens Left
692,93.8,52cc7820-35009-87a4cogP.VID,2014-03-26 18:25:20.654000,Lens Right
61,81.8,52cc4e57-14795-23cdcogP.VID,2014-03-26 18:26:07.092000,Substrate Align Left
107,77.1,52cc4ead-148ae-3e98cogP.VID,2014-03-26 18:26:09.076000,Substrate Align Right
151,78.3,52cc5154-25157-1b10cogP.VID,2014-03-26 18:26:11.060000,Local Align Right
194,79.7,52cc5161-25182-3ce1cogP.VID,2014-03-26 18:26:13.029000,Local Align Left
232,91.0,52cc7476-24412-30cfcogP.VID,2014-03-26 18:27:27.873000,VCSEL Left
270,92.1,52cc74f4-245ae-5b0acogP.VID,2014-03-26 18:27:29.920000,VCSEL Right
673,93.5,52cc77c5-34ee0-1aebcogP.VID,2014-03-26 18:27:39.998000,Lens Left
693,93.6,52cc7820-35009-87a4cogP.VID,2014-03-26 18:27:41.982000,Lens Right
62,87.6,52cc4e57-14795-23cdcogP.VID,2014-03-26 18:28:28.607000,Substrate Align Left
108,84.1,52cc4ead-148ae-3e98cogP.VID,2014-03-26 18:28:30.514000,Substrate Align Right
152,76.9,52cc5154-25157-1b10cogP.VID,2014-03-26 18:28:32.420000,Local Align Right
195,79.4,52cc5161-25182-3ce1cogP.VID,2014-03-26 18:28:34.389000,Local Align Left
233,90.7,52cc7476-24412-30cfcogP.VID,2014-03-26 18:29:49.092000,VCSEL Left
271,92.6,52cc74f4-245ae-5b0acogP.VID,2014-03-26 18:29:50.982000,VCSEL Right
674,93.3,52cc77c5-34ee0-1aebcogP.VID,2014-03-26 18:30:00.795000,Lens Left
694,92.8,52cc7820-35009-87a4cogP.VID,2014-03-26 18:30:02.904000,Lens Right
63,81.5,52cc4e57-14795-23cdcogP.VID,2014-03-26 18:30:49.592000,Substrate Align Left
109,80.5,52cc4ead-148ae-3e98cogP.VID,2014-03-26 18:30:51.514000,Substrate Align Right
153,78.8,52cc5154-25157-1b10cogP.VID,2014-03-26 18:30:53.545000,Local Align Right
196,79.8,52cc5161-25182-3ce1cogP.VID,2014-03-26 18:30:55.607000,Local Align Left
234,89.8,52cc7476-24412-30cfcogP.VID,2014-03-26 18:32:10.467000,VCSEL Left
272,91.7,52cc74f4-245ae-5b0acogP.VID,2014-03-26 18:32:12.482000,VCSEL Right
675,93.3,52cc77c5-34ee0-1aebcogP.VID,2014-03-26 18:32:22.170000,Lens Left
695,92.8,52cc7820-35009-87a4cogP.VID,2014-03-26 18:32:24.154000,Lens Right
64,84.0,52cc4e57-14795-23cdcogP.VID,2014-03-26 18:33:10.951000,Substrate Align Left
110,81.1,52cc4ead-148ae-3e98cogP.VID,2014-03-26 18:33:12.920000,Substrate Align Right
154,77.8,52cc5154-25157-1b10cogP.VID,2014-03-26 18:33:14.842000,Local Align Right
197,79.0,52cc5161-25182-3ce1cogP.VID,2014-03-26 18:33:16.857000,Local Align Left
235,91.8,52cc7476-24412-30cfcogP.VID,2014-03-26 18:34:31.701000,VCSEL Left
273,85.3,52cc74f4-245ae-5b0acogP.VID,2014-03-26 18:34:33.560000,VCSEL Right
676,93.1,52cc77c5-34ee0-1aebcogP.VID,2014-03-26 18:34:43.014000,Lens Left
696,91.9,52cc7820-35009-87a4cogP.VID,2014-03-26 18:34:44.998000,Lens Right
65,85.7,52cc4e57-14795-23cdcogP.VID,2014-03-26 18:35:31.514000,Substrate Align Left
111,87.0,52cc4ead-148ae-3e98cogP.VID,2014-03-26 18:35:33.467000,Substrate Align Right
155,79.9,52cc5154-25157-1b10cogP.VID,2014-03-26 18:35:35.420000,Local Align Right
198,79.9,52cc5161-25182-3ce1cogP.VID,2014-03-26 18:35:37.373000,Local Align Left
236,96.0,52cc7476-24412-30cfcogP.VID,2014-03-26 18:36:52.092000,VCSEL Left
274,94.3,52cc74f4-245ae-5b0acogP.VID,2014-03-26 18:36:53.982000,VCSEL Right
677,93.2,52cc77c5-34ee0-1aebcogP.VID,2014-03-26 18:37:04.014000,Lens Left
697,93.0,52cc7820-35009-87a4cogP.VID,2014-03-26 18:37:06.076000,Lens Right
66,93.8,52cc4e57-14795-23cdcogP.VID,2014-03-26 18:37:52.701000,Substrate Align Left
112,87.8,52cc4ead-148ae-3e98cogP.VID,2014-03-26 18:37:54.685000,Substrate Align Right
156,78.6,52cc5154-25157-1b10cogP.VID,2014-03-26 18:37:56.639000,Local Align Right
199,80.3,52cc5161-25182-3ce1cogP.VID,2014-03-26 18:37:58.701000,Local Align Left
237,81.8,52cc7476-24412-30cfcogP.VID,2014-03-26 18:39:13.435000,VCSEL Left
275,91.6,52cc74f4-245ae-5b0acogP.VID,2014-03-26 18:39:15.310000,VCSEL Right
678,93.3,52cc77c5-34ee0-1aebcogP.VID,2014-03-26 18:39:24.826000,Lens Left
698,92.8,52cc7820-35009-87a4cogP.VID,2014-03-26 18:39:26.935000,Lens Right
67,93.1,52cc4e57-14795-23cdcogP.VID,2014-03-26 18:40:13.435000,Substrate Align Left
113,86.0,52cc4ead-148ae-3e98cogP.VID,2014-03-26 18:40:15.357000,Substrate Align Right
157,80.3,52cc5154-25157-1b10cogP.VID,2014-03-26 18:40:17.342000,Local Align Right
200,79.6,52cc5161-25182-3ce1cogP.VID,2014-03-26 18:40:19.264000,Local Align Left
238,92.0,52cc7476-24412-30cfcogP.VID,2014-03-26 18:41:33.889000,VCSEL Left
276,90.7,52cc74f4-245ae-5b0acogP.VID,2014-03-26 18:41:35.889000,VCSEL Right
679,93.6,52cc77c5-34ee0-1aebcogP.VID,2014-03-26 18:41:45.717000,Lens Left
699,93.1,52cc7820-35009-87a4cogP.VID,2014-03-26 18:41:47.732000,Lens Right
68,81.3,52cc4e57-14795-23cdcogP.VID,2014-03-26 18:42:34.310000,Substrate Align Left
114,78.2,52cc4ead-148ae-3e98cogP.VID,2014-03-26 18:42:36.373000,Substrate Align Right
158,78.4,52cc5154-25157-1b10cogP.VID,2014-03-26 18:42:38.373000,Local Align Right
201,78.0,52cc5161-25182-3ce1cogP.VID,2014-03-26 18:42:40.357000,Local Align Left
239,90.2,52cc7476-24412-30cfcogP.VID,2014-03-26 18:43:55.170000,VCSEL Left
277,90.7,52cc74f4-245ae-5b0acogP.VID,2014-03-26 18:43:57.060000,VCSEL Right
680,92.9,52cc77c5-34ee0-1aebcogP.VID,2014-03-26 18:44:07.076000,Lens Left
700,93.2,52cc7820-35009-87a4cogP.VID,2014-03-26 18:44:09.170000,Lens Right
69,89.4,52cc4e57-14795-23cdcogP.VID,2014-03-26 18:44:55.576000,Substrate Align Left
115,86.2,52cc4ead-148ae-3e98cogP.VID,2014-03-26 18:44:57.560000,Substrate Align Right
159,80.1,52cc5154-25157-1b10cogP.VID,2014-03-26 18:44:59.529000,Local Align Right
202,79.2,52cc5161-25182-3ce1cogP.VID,2014-03-26 18:45:01.514000,Local Align Left
240,88.6,52cc7476-24412-30cfcogP.VID,2014-03-26 18:46:16.310000,VCSEL Left
278,91.1,52cc74f4-245ae-5b0acogP.VID,2014-03-26 18:46:18.217000,VCSEL Right
681,93.2,52cc77c5-34ee0-1aebcogP.VID,2014-03-26 18:46:27.764000,Lens Left
701,93.3,52cc7820-35009-87a4cogP.VID,2014-03-26 18:46:29.873000,Lens Right
